Pattern,TrueLabel,AM_Accuracy,AM_BestMatch,AM_Correct,HN_Accuracy,HN_BestMatch,HN_Correct
id10270,id10270,0.7791,id10270,yes,0.6366,id10273_11,no
id10270_1,id10270,0.7669,id10270_1,yes,0.6184,id10273_11,no
id10270_2,id10270,0.7586,id10270_2,yes,0.6151,id10273_11,no
id10270_3,id10270,0.8205,id10270_3,yes,0.6296,id10273_11,no
id10270_4,id10270,0.7840,id10270_4,yes,0.6374,id10273_11,no
id10270_5,id10270,0.7794,id10270_5,yes,0.6149,id10273_11,no
id10270_6,id10270,0.7971,id10270_6,yes,0.6284,id10273_11,no
id10270_7,id10270,0.7899,id10270_7,yes,0.6335,id10273_11,no
id10270_8,id10270,0.7730,id10270_8,yes,0.6129,id10273_11,no
id10270_9,id10270,0.7937,id10270_9,yes,0.6243,id10273_11,no
id10270_10,id10270,0.7771,id10270_10,yes,0.6180,id10273_11,no
id10270_11,id10270,0.7829,id10270_11,yes,0.6108,id10273_11,no
id10270_12,id10270,0.7768,id10270_12,yes,0.6321,id10273_11,no
id10270_13,id10270,0.7885,id10270_13,yes,0.6223,id10273_11,no
id10270_14,id10270,0.7824,id10270_14,yes,0.6276,id10273_11,no
id10270_15,id10270,0.7976,id10270_15,yes,0.6310,id10273_11,no
id10270_16,id10270,0.7732,id10270_16,yes,0.6218,id10273_11,no
id10270_17,id10270,0.7868,id10270_17,yes,0.6259,id10273_11,no
id10270_18,id10270,0.7592,id10270_18,yes,0.6225,id10273_11,no
id10270_19,id10270,0.7973,id10270_19,yes,0.6218,id10273_11,no
id10270_20,id10270,0.7692,id10270_20,yes,0.6110,id10273_11,no
id10270_21,id10270,0.7803,id10270_21,yes,0.6264,id10273_11,no
id10270_22,id10270,0.7708,id10270_22,yes,0.6290,id10273_11,no
id10270_23,id10270,0.7984,id10270_23,yes,0.6250,id10273_11,no
id10270_24,id10270,0.7798,id10270_24,yes,0.6213,id10273_11,no
id10270_25,id10270,0.7803,id10270_25,yes,0.6325,id10273_11,no
id10270_26,id10270,0.7442,id10270_26,yes,0.6185,id10273_11,no
id10270_27,id10270,0.7822,id10270_27,yes,0.6268,id10273_11,no
id10270_28,id10270,0.7960,id10270_28,yes,0.6327,id10273_11,no
id10271,id10271,0.7866,id10271,yes,0.6165,id10273_11,no
id10271_1,id10271,0.7796,id10271_1,yes,0.6235,id10273_11,no
id10271_2,id10271,0.7930,id10271_2,yes,0.6276,id10273_11,no
id10271_3,id10271,0.7493,id10271_3,yes,0.6197,id10273_11,no
id10271_4,id10271,0.7842,id10271_4,yes,0.6310,id10273_11,no
id10271_5,id10271,0.7945,id10271_5,yes,0.6336,id10273_11,no
id10272,id10272,0.7672,id10272,yes,0.6306,id10273_11,no
id10272_1,id10272,0.8124,id10272_1,yes,0.6302,id10273_11,no
id10272_2,id10272,0.7899,id10272_2,yes,0.6322,id10273_11,no
id10272_3,id10272,0.7814,id10272_3,yes,0.6130,id10273_11,no
id10272_4,id10272,0.7773,id10272_4,yes,0.6238,id10273_11,no
id10272_5,id10272,0.7842,id10272_5,yes,0.6216,id10273_11,no
id10273,id10273,0.8187,id10273,yes,0.6366,id10273_11,yes
id10273_1,id10273,0.7604,id10273_1,yes,0.6349,id10273_11,yes
id10273_2,id10273,0.7880,id10273_2,yes,0.6268,id10273_11,yes
id10273_3,id10273,0.7886,id10273_3,yes,0.6386,id10273_11,yes
id10273_4,id10273,0.8002,id10273_4,yes,0.6287,id10273_11,yes
id10273_5,id10273,0.8260,id10273_5,yes,0.6370,id10273_11,yes
id10273_6,id10273,0.8189,id10273_6,yes,0.6286,id10273_11,yes
id10273_7,id10273,0.7770,id10273_7,yes,0.6241,id10273_11,yes
id10273_8,id10273,0.7911,id10273_8,yes,0.6410,id10273_11,yes
id10273_9,id10273,0.8016,id10273_9,yes,0.6406,id10273_11,yes
id10273_10,id10273,0.7907,id10273_10,yes,0.6259,id10273_11,yes
id10273_11,id10273,0.7956,id10273_11,yes,0.6428,id10273_11,yes
id10273_12,id10273,0.8671,id10273_12,yes,0.6224,id10273_11,yes
id10273_13,id10273,0.7885,id10273_13,yes,0.6332,id10273_11,yes
id10273_14,id10273,0.7830,id10273_14,yes,0.6238,id10273_11,yes
id10273_15,id10273,0.8078,id10273_15,yes,0.6321,id10273_11,yes
id10274,id10274,0.7868,id10274,yes,0.6243,id10273_11,no
id10274_1,id10274,0.7953,id10274_1,yes,0.6258,id10273_11,no
id10274_2,id10274,0.7766,id10274_2,yes,0.6143,id10273_11,no
id10274_3,id10274,0.7917,id10274_3,yes,0.6380,id10273_11,no
id10274_4,id10274,0.8024,id10274_4,yes,0.6290,id10273_11,no
id10274_5,id10274,0.7662,id10274_5,yes,0.6257,id10273_11,no
id10274_6,id10274,0.7965,id10274_6,yes,0.6220,id10273_11,no
id10274_7,id10274,0.7969,id10274_7,yes,0.6422,id10273_11,no
id10274_8,id10274,0.7740,id10274_8,yes,0.6326,id10273_11,no
id10274_9,id10274,0.8004,id10274_9,yes,0.6225,id10273_11,no
id10274_10,id10274,0.7654,id10274_10,yes,0.6293,id10273_11,no
id10274_11,id10274,0.7727,id10274_11,yes,0.6399,id10273_11,no
id10274_12,id10274,0.7923,id10274_12,yes,0.6210,id10273_11,no
id10274_13,id10274,0.7741,id10274_13,yes,0.6353,id10273_11,no
,,,,,,,
SUMMARY,Total Patterns,71,,,71,,
,Correct Matches,71,,100.00%,16,,22.54%
